[
    {
        "question": "ما نوع المهام التي تشدك أكثر؟",
        "options": [
            {
                "text": "كتابة أكواد معقدة وحل مشاكل منطقية",
                "specialty": "علوم حاسوب"
            },
            {
                "text": "بناء تطبيق متكامل من الفكرة حتى التنفيذ",
                "specialty": "هندسة البرمجيات "
            },
            {
                "text": "اكتشاف ثغرات أمنية وحمايتها ",
                "specialty": "أمن المعلومات"
            },
            {
                "text": "استخدام التقنية لتحسين أداء الشركات",
                "specialty": "نظم المعلومات"
            },
            {
                "text": "توصيل الأجهزة وضبط الشبكات ",
                "specialty": "شبكات الحاسوب"
            },
            {
                "text": "دعم المستخدمين وصيانة الأنظمة ",
                "specialty": "تقنية المعلومات"
            },
            {
                "text": "تعليم الحواسيب كيف تتعلم وتتوقع  ",
                "specialty": "ذكاء أصطناعي"
            },
            {
                "text": "تحليل أرقام وبيانات لاستخلاص قرارات ",
                "specialty": " تحليل البيانات "
            }
        ]
    },
    {
        "question": "لو طُلب منك اختيار مشروع للتخرج، ماذا تختار؟",
        "options": [
            {
                "text": "تصميم خوارزمية جديدة لتحسين الأداء ",
                "specialty": "علوم حاسوب"
            },
            {
                "text": "تطبيق لإدارة المهام أو المواعيد ",
                "specialty": "هندسة البرمجيات "
            },
            {
                "text": "نظام كشف التسلل وحماية الشبكات ",
                "specialty": "أمن المعلومات"
            },
            {
                "text": "نظام لإدارة موارد مؤسسة ",
                "specialty": "نظم المعلومات"
            },
            {
                "text": "شبكة اتصالات داخلية لمنظمة ",
                "specialty": "شبكات الحاسوب"
            },
            {
                "text": "إعداد بنية تحتية تقنية لمؤسسة ",
                "specialty": "تقنية المعلومات"
            },
            {
                "text": "روبوت يتعرف على الأشخاص ويتفاعل معهم",
                "specialty": "ذكاء أصطناعي"
            },
            {
                "text": "لوحة تحكم لتحليل بيانات المبيعات",
                "specialty": " تحليل البيانات "
            }
        ]
    },
    {
        "question": " ما الشيء الذي تستمتع بتعلمه؟",
        "options": [
            {
                "text": "مفاهيم مثل الخوارزميات، الهياكل، الكومبايلر  ",
                "specialty": "علوم حاسوب"
            },
            {
                "text": "كيفية التخطيط والتطوير واختبار التطبيقات ",
                "specialty": "هندسة البرمجيات "
            },
            {
                "text": "كيفية حدوث الهجمات الإلكترونية وأساليب الحماية ",
                "specialty": "أمن المعلومات"
            },
            {
                "text": "كيف تعمل الأنظمة داخل المؤسسات عمليًا ",
                "specialty": "نظم المعلومات"
            },
            {
                "text": "كيفية انتقال البيانات بين الأجهزة والمخاطر المرتبطة  ",
                "specialty": "شبكات الحاسوب"
            },
            {
                "text": "التعامل مع الأنظمة والتقنيات الجاهزة في بيئة العمل",
                "specialty": "تقنية المعلومات"
            },
            {
                "text": "تدريب الآلات على اتخاذ قرارات مثل البشر ",
                "specialty": "ذكاء أصطناعي"
            },
            {
                "text": "تنظيم البيانات الكبيرة وتحليلها بصريًا ومنطقيًا ",
                "specialty": " تحليل البيانات "
            }
        ]
    },
    {
        "question": " ما البيئة التي تتخيل نفسك تعمل فيها؟ ",
        "options": [
            {
                "text": "بيئة أكاديمية أو بحثية ",
                "specialty": "علوم حاسوب"
            },
            {
                "text": "شركة تطوير برمجيات أو تطبيقات ",
                "specialty": "هندسة البرمجيات "
            },
            {
                "text": "قسم الأمن السيبراني في بنك أو مؤسسة ",
                "specialty": "أمن المعلومات"
            },
            {
                "text": "إدارة تقنية في شركة أو مؤسسة ",
                "specialty": "نظم المعلومات"
            },
            {
                "text": "غرفة التحكم بالشبكات في شركة اتصالات  ",
                "specialty": "شبكات الحاسوب"
            },
            {
                "text": "مكتب دعم فني أو مسؤول تقني ",
                "specialty": "تقنية المعلومات"
            },
            {
                "text": "مختبر أبحاث ذكاء صناعي أو روبوتات  ",
                "specialty": "ذكاء أصطناعي"
            },
            {
                "text": "شركة تحليل بيانات أو منصة ذكاء أعمال ",
                "specialty": " تحليل البيانات "
            }
        ]
    },
    {
        "question": " ما نوع المشكلات الذي تحب التعامل معه؟ ",
        "options": [
            {
                "text": "مسائل منطقية مجردة ",
                "specialty": "علوم حاسوب"
            },
            {
                "text": "مشكلات تطبيقية تحتاج تخطيط وبناء ",
                "specialty": "هندسة البرمجيات "
            },
            {
                "text": "مشاكل تتعلق بالاختراق أو حماية المعلومات ",
                "specialty": "أمن المعلومات"
            },
            {
                "text": "مشاكل تنظيم العمل أو اتخاذ قرارات مؤسسية ",
                "specialty": "نظم المعلومات"
            },
            {
                "text": "مشاكل الاتصال بين الأجهزة أو انقطاع الشبكة ",
                "specialty": "شبكات الحاسوب"
            },
            {
                "text": "أعطال في الأجهزة أو أنظمة التشغيل ",
                "specialty": "تقنية المعلومات"
            },
            {
                "text": "تحديات تعليم الحاسوب السلوك الذكي  ",
                "specialty": "ذكاء أصطناعي"
            },
            {
                "text": "مشاكل تتطلب تحليل أرقام ضخمة واتخاذ قرارات  ",
                "specialty": " تحليل البيانات "
            }
        ]
    },
    {
        "question": " أي من هذه العبارات تصفك أكثر؟",
        "options": [
            {
                "text": "أحب فهم أساس أي شيء بعمق ",
                "specialty": "علوم حاسوب"
            },
            {
                "text": "أحب أن أبني حلولًا عملية لمشكلات حقيقية ",
                "specialty": "هندسة البرمجيات "
            },
            {
                "text": "أفكر دومًا في طرق الحماية والمخاطر",
                "specialty": "أمن المعلومات"
            },
            {
                "text": "ألاحظ المشاكل في العمليات الإدارية وأفكر في تبسيطها تقنيًا ",
                "specialty": "نظم المعلومات"
            },
            {
                "text": "أحب معرفة كيف يتصل الحاسوب بالراوتر وبالإنترنت ",
                "specialty": "شبكات الحاسوب"
            },
            {
                "text": "أفضل التعامل مع الأدوات الجاهزة وحل الأعطال بسرعة ",
                "specialty": "تقنية المعلومات"
            },
            {
                "text": "أحب تدريب أنظمة على التعلم من نفسها ",
                "specialty": "ذكاء أصطناعي"
            },
            {
                "text": "أفضل الغوص في الأرقام لاستخلاص أنماط ومعاني ",
                "specialty": " تحليل البيانات "
            }
        ]
    },
    {
        "question": " إذا أردت أن تدرس شيئًا بتعمق، ماذا تختار؟",
        "options": [
            {
                "text": "تصميم لغات البرمجة والخوارزميات ",
                "specialty": "علوم حاسوب"
            },
            {
                "text": "إدارة فرق تطوير برمجيات وأسلوب Agile ",
                "specialty": "هندسة البرمجيات "
            },
            {
                "text": "التشفير وأنظمة كشف التسلل ",
                "specialty": "أمن المعلومات"
            },
            {
                "text": "تحليل متطلبات الأعمال وتطوير الأنظمة لها ",
                "specialty": "نظم المعلومات"
            },
            {
                "text": "بروتوكولات الشبكة ونقل البيانات ",
                "specialty": "شبكات الحاسوب"
            },
            {
                "text": "بنية الحواسيب وإدارة الأنظمة",
                "specialty": "تقنية المعلومات"
            },
            {
                "text": "تعلم الآلة والرؤية الحاسوبية ",
                "specialty": "ذكاء أصطناعي"
            },
            {
                "text": "التنقيب في البيانات وتحليل الاتجاهات ",
                "specialty": " تحليل البيانات "
            }
        ]
    },
    {
        "question": " ما نوع المهارات التي تحب تطويرها؟",
        "options": [
            {
                "text": "التفكير التحليلي والمنطقي العميق ",
                "specialty": "علوم حاسوب"
            },
            {
                "text": "التخطيط والتنفيذ وتنظيم المشاريع ",
                "specialty": "هندسة البرمجيات "
            },
            {
                "text": "التفكير الوقائي واستباق المخاطر ",
                "specialty": "أمن المعلومات"
            },
            {
                "text": "فهم الأعمال والتقنية معًا ",
                "specialty": "نظم المعلومات"
            },
            {
                "text": "التفكير في بنية الشبكات والمشكلات التقنية ",
                "specialty": "شبكات الحاسوب"
            },
            {
                "text": "القدرة على دعم الغير تقنيين والتعامل مع أنظمة متنوعة ",
                "specialty": "تقنية المعلومات"
            },
            {
                "text": "المهارات الإبداعية والتقنية في آن واحد ",
                "specialty": "ذكاء أصطناعي"
            },
            {
                "text": "الدقة في قراءة الأرقام والتحليل ",
                "specialty": " تحليل البيانات "
            }
        ]
    },
    {
        "question": "ما حلمك المهني الأكبر؟",
        "options": [
            {
                "text": "العمل كباحث أو أكاديمي في علوم الحاسوب ",
                "specialty": "علوم حاسوب"
            },
            {
                "text": "قيادة فريق تطوير تطبيق عالمي",
                "specialty": "هندسة البرمجيات "
            },
            {
                "text": "أن تكون خبير أمن معلومات معتمد ",
                "specialty": "أمن المعلومات"
            },
            {
                "text": "أن تبني نظامًا يُستخدم في مؤسسات كبيرة",
                "specialty": "نظم المعلومات"
            },
            {
                "text": "أن تصبح مهندس شبكات في شركة عالمية ",
                "specialty": "شبكات الحاسوب"
            },
            {
                "text": "أن تكون مسؤولًا تقنيًا موثوقًا في مؤسسة",
                "specialty": "تقنية المعلومات"
            },
            {
                "text": "أن تطور روبوتات أو نظم ذكية تغير العالم ",
                "specialty": "ذكاء أصطناعي"
            },
            {
                "text": "أن تصبح محلل بيانات في شركة تقنية كبيرة",
                "specialty": " تحليل البيانات "
            }
        ]
    }
]